{
  "avg_step_time_ms": 1751.1739373207092,
  "tokens_per_sec": 1169,
  "total_time": 35.21052694320679,
  "initial_loss": 12.111083030700684,
  "final_loss": 9.000774383544922
}